OrderID,ProductName,ProductCategory,Quantity,UnitPrice
ORD00001,Comics,Books,5,64.58
ORD00002,Pasta,Groceries,1,423.36
ORD00002,T-shirt,Clothing,1,301.94
ORD00002,Headphones,Electronics,5,87.18
ORD00002,Science Book,Books,1,323.4
ORD00002,Smartwatch,Electronics,5,484.41
ORD00003,Jeans,Clothing,3,214.39
ORD00003,Comics,Books,2,477.42
ORD00003,Headphones,Electronics,4,321.11
ORD00003,Fiction Novel,Books,1,382.92
ORD00003,Coffee,Groceries,1,280.46
ORD00004,Science Book,Books,5,454.96
ORD00005,Shoes,Clothing,2,388.74
ORD00005,Laptop,Electronics,2,72.66
ORD00006,Pasta,Groceries,3,471.25
ORD00006,Shoes,Clothing,1,347.39
ORD00006,Coffee,Groceries,3,118.18
ORD00006,Jeans,Clothing,1,372.93
ORD00007,Magazine,Books,2,406.76
ORD00007,Headphones,Electronics,3,259.74
ORD00008,Rice,Groceries,2,222.04
ORD00008,Shoes,Clothing,3,460.89
ORD00008,Jeans,Clothing,5,34.21
ORD00008,Olive Oil,Groceries,1,483.53
ORD00009,Jeans,Clothing,4,357.59
ORD00009,Magazine,Books,4,89.73
ORD00009,Headphones,Electronics,3,109.84
ORD00009,Jeans,Clothing,1,399.96
ORD00010,Pasta,Groceries,5,43.35
ORD00010,Shoes,Clothing,5,44.46
ORD00010,Rice,Groceries,2,432.08
ORD00010,Rice,Groceries,5,319.14
ORD00010,Shoes,Clothing,2,147.26
ORD00011,Jacket,Clothing,4,428.85
ORD00011,Jacket,Clothing,2,240.03
ORD00011,Smartphone,Electronics,5,100.97
ORD00011,Pasta,Groceries,2,105.35
ORD00011,Science Book,Books,3,272.03
ORD00012,Smartphone,Electronics,1,254.36
ORD00012,Smartphone,Electronics,3,492.43
ORD00012,Smartwatch,Electronics,3,25.97
ORD00013,Shoes,Clothing,1,223.45
ORD00013,Rice,Groceries,2,458.59
ORD00013,Jacket,Clothing,2,467.24
ORD00013,Laptop,Electronics,5,137.16
ORD00013,Headphones,Electronics,4,406.89
ORD00014,Jeans,Clothing,3,308.74
ORD00014,Science Book,Books,1,322.18
ORD00014,Fiction Novel,Books,4,184.97
ORD00015,Comics,Books,3,62.95
ORD00016,Shoes,Clothing,4,131.01
ORD00016,Pasta,Groceries,4,48.03
ORD00016,Science Book,Books,5,298.0
ORD00017,Headphones,Electronics,3,417.66
ORD00017,Pasta,Groceries,5,434.32
ORD00017,Olive Oil,Groceries,4,288.72
ORD00017,Shoes,Clothing,4,116.98
ORD00018,Shoes,Clothing,2,134.36
ORD00019,Jacket,Clothing,5,336.0
ORD00019,Jeans,Clothing,5,137.82
ORD00019,Shoes,Clothing,5,290.64
ORD00020,Coffee,Groceries,5,123.28
ORD00020,T-shirt,Clothing,4,195.53
ORD00021,T-shirt,Clothing,5,453.67
ORD00021,Rice,Groceries,4,132.71
ORD00021,Fiction Novel,Books,3,195.62
ORD00022,Fiction Novel,Books,5,60.55
ORD00023,T-shirt,Clothing,2,406.56
ORD00023,Laptop,Electronics,2,168.24
ORD00023,Headphones,Electronics,5,448.52
ORD00023,Headphones,Electronics,5,203.33
ORD00023,Smartwatch,Electronics,3,236.9
ORD00024,Shoes,Clothing,2,497.67
ORD00024,Jacket,Clothing,1,396.18
ORD00024,T-shirt,Clothing,2,32.28
ORD00024,Smartwatch,Electronics,4,57.47
ORD00024,Headphones,Electronics,3,295.85
ORD00025,Rice,Groceries,1,97.12
ORD00025,Coffee,Groceries,2,479.26
ORD00025,Comics,Books,4,292.32
ORD00026,Magazine,Books,3,383.95
ORD00026,Comics,Books,4,134.61
ORD00027,Headphones,Electronics,1,308.06
ORD00027,Fiction Novel,Books,4,459.07
ORD00028,Magazine,Books,3,79.92
ORD00028,Laptop,Electronics,1,95.01
ORD00028,T-shirt,Clothing,5,95.16
ORD00028,Smartphone,Electronics,4,459.66
ORD00028,Jeans,Clothing,1,435.32
ORD00029,Coffee,Groceries,1,225.67
ORD00029,Olive Oil,Groceries,4,396.14
ORD00029,Magazine,Books,4,219.75
ORD00030,Comics,Books,2,52.05
ORD00030,Olive Oil,Groceries,2,245.54
ORD00030,Pasta,Groceries,1,39.15
ORD00030,Jacket,Clothing,5,302.1
ORD00031,Magazine,Books,1,233.22
ORD00031,Smartwatch,Electronics,4,491.98
ORD00031,Rice,Groceries,5,214.52
ORD00031,Jacket,Clothing,2,319.44
ORD00032,Science Book,Books,5,301.17
ORD00033,Rice,Groceries,5,311.92
ORD00033,Shoes,Clothing,4,411.72
ORD00034,Shoes,Clothing,2,395.53
ORD00035,Science Book,Books,1,477.78
ORD00035,Shoes,Clothing,4,470.4
ORD00035,Smartwatch,Electronics,1,266.16
ORD00036,Shoes,Clothing,1,35.05
ORD00036,Jacket,Clothing,3,321.26
ORD00037,Magazine,Books,1,77.07
ORD00037,Smartwatch,Electronics,2,498.49
ORD00038,Science Book,Books,2,229.19
ORD00038,Smartwatch,Electronics,5,35.67
ORD00038,Smartphone,Electronics,5,293.99
ORD00039,Coffee,Groceries,3,496.58
ORD00039,Coffee,Groceries,4,148.22
ORD00040,Smartwatch,Electronics,3,45.27
ORD00040,Comics,Books,5,85.34
ORD00040,Smartwatch,Electronics,3,441.12
ORD00040,Jacket,Clothing,1,205.27
ORD00041,Jacket,Clothing,3,36.8
ORD00042,Magazine,Books,3,225.38
ORD00042,Fiction Novel,Books,1,31.71
ORD00042,Jacket,Clothing,3,76.39
ORD00042,Magazine,Books,4,83.31
ORD00042,Comics,Books,1,121.84
ORD00043,Headphones,Electronics,4,152.03
ORD00043,Headphones,Electronics,4,296.73
ORD00043,Magazine,Books,3,22.18
ORD00044,Smartphone,Electronics,3,492.36
ORD00045,Smartphone,Electronics,4,55.22
ORD00045,Rice,Groceries,4,335.04
ORD00045,Coffee,Groceries,3,120.28
ORD00046,Science Book,Books,2,496.62
ORD00046,Coffee,Groceries,5,215.93
ORD00046,Science Book,Books,1,355.39
ORD00046,Jeans,Clothing,5,497.17
ORD00046,Coffee,Groceries,1,311.54
ORD00047,Laptop,Electronics,1,138.71
ORD00047,Olive Oil,Groceries,4,493.17
ORD00048,Laptop,Electronics,2,352.95
ORD00049,Shoes,Clothing,4,42.81
ORD00049,Science Book,Books,2,364.86
ORD00050,Fiction Novel,Books,3,95.55
ORD00050,Jacket,Clothing,4,290.8
ORD00051,Fiction Novel,Books,3,406.8
ORD00051,Pasta,Groceries,1,428.37
ORD00051,Headphones,Electronics,2,385.71
ORD00051,Fiction Novel,Books,3,296.46
ORD00052,T-shirt,Clothing,4,284.37
ORD00053,Pasta,Groceries,4,303.6
ORD00053,Jacket,Clothing,2,259.86
ORD00053,T-shirt,Clothing,1,386.1
ORD00053,Fiction Novel,Books,1,257.93
ORD00053,Science Book,Books,5,187.19
ORD00054,Science Book,Books,3,135.4
ORD00055,Smartwatch,Electronics,2,314.66
ORD00055,Laptop,Electronics,1,47.44
ORD00056,Smartwatch,Electronics,1,201.6
ORD00056,Rice,Groceries,4,365.22
ORD00056,Jacket,Clothing,3,69.63
ORD00057,Jeans,Clothing,5,149.72
ORD00057,Comics,Books,1,152.6
ORD00057,Jacket,Clothing,2,235.1
ORD00058,Jacket,Clothing,2,209.87
ORD00059,T-shirt,Clothing,5,132.65
ORD00059,Jeans,Clothing,5,88.31
ORD00060,Laptop,Electronics,2,55.09
ORD00060,Comics,Books,4,441.03
ORD00060,Magazine,Books,3,358.62
ORD00060,Jacket,Clothing,2,248.52
ORD00061,Fiction Novel,Books,1,216.41
ORD00062,Magazine,Books,3,446.18
ORD00063,Magazine,Books,5,340.09
ORD00063,Coffee,Groceries,4,439.29
ORD00064,Jeans,Clothing,1,252.74
ORD00064,Science Book,Books,5,260.3
ORD00064,Magazine,Books,1,412.44
ORD00064,Laptop,Electronics,2,324.68
ORD00064,Jacket,Clothing,2,287.12
ORD00065,Fiction Novel,Books,2,468.63
ORD00065,Pasta,Groceries,1,319.51
ORD00065,Magazine,Books,4,75.4
ORD00065,T-shirt,Clothing,1,414.46
ORD00065,Fiction Novel,Books,3,346.3
ORD00066,Smartphone,Electronics,3,304.52
ORD00066,Smartwatch,Electronics,3,47.86
ORD00066,Jeans,Clothing,3,340.52
ORD00066,Rice,Groceries,3,43.58
ORD00066,Headphones,Electronics,4,217.66
ORD00067,Smartwatch,Electronics,1,255.59
ORD00067,Pasta,Groceries,3,231.79
ORD00067,Comics,Books,3,290.26
ORD00067,Shoes,Clothing,5,23.08
ORD00068,Laptop,Electronics,4,48.01
ORD00068,Smartphone,Electronics,4,225.23
ORD00068,Jeans,Clothing,1,488.07
ORD00068,Comics,Books,4,31.41
ORD00069,Pasta,Groceries,5,461.32
ORD00069,Laptop,Electronics,4,102.29
ORD00069,T-shirt,Clothing,2,481.36
ORD00069,Laptop,Electronics,4,106.81
ORD00070,T-shirt,Clothing,5,78.77
ORD00070,Coffee,Groceries,2,342.22
ORD00070,Shoes,Clothing,3,380.69
ORD00071,Fiction Novel,Books,2,129.48
ORD00071,Olive Oil,Groceries,1,25.57
ORD00071,Jeans,Clothing,4,404.05
ORD00072,Shoes,Clothing,1,50.06
ORD00072,Jacket,Clothing,4,460.44
ORD00072,Fiction Novel,Books,2,322.43
ORD00072,Rice,Groceries,2,154.45
ORD00073,Comics,Books,4,183.59
ORD00073,Comics,Books,3,182.64
ORD00073,Jacket,Clothing,1,188.25
ORD00073,Headphones,Electronics,2,95.59
ORD00073,Jacket,Clothing,4,38.04
ORD00074,T-shirt,Clothing,1,442.67
ORD00074,Coffee,Groceries,4,426.62
ORD00074,Pasta,Groceries,5,253.96
ORD00074,Headphones,Electronics,3,180.81
ORD00075,Smartphone,Electronics,4,330.86
ORD00076,Jacket,Clothing,5,155.64
ORD00077,Smartwatch,Electronics,1,126.62
ORD00077,Pasta,Groceries,4,335.58
ORD00078,T-shirt,Clothing,4,75.73
ORD00079,Science Book,Books,3,270.36
ORD00079,Smartphone,Electronics,4,172.54
ORD00080,Jacket,Clothing,1,330.82
ORD00080,Olive Oil,Groceries,3,499.6
ORD00080,Coffee,Groceries,4,104.44
ORD00081,Smartphone,Electronics,2,342.15
ORD00081,T-shirt,Clothing,3,154.98
ORD00082,Comics,Books,5,470.61
ORD00082,Smartwatch,Electronics,5,337.71
ORD00082,Jeans,Clothing,3,316.68
ORD00083,T-shirt,Clothing,4,227.11
ORD00083,Smartphone,Electronics,3,65.5
ORD00083,Jeans,Clothing,3,157.32
ORD00084,Olive Oil,Groceries,4,36.93
ORD00084,T-shirt,Clothing,4,113.08
ORD00084,Headphones,Electronics,2,211.25
ORD00085,Pasta,Groceries,2,73.94
ORD00085,Olive Oil,Groceries,3,259.08
ORD00085,Science Book,Books,2,296.42
ORD00085,Rice,Groceries,2,498.33
ORD00085,Olive Oil,Groceries,2,452.85
ORD00086,Rice,Groceries,1,222.96
ORD00086,Headphones,Electronics,3,83.59
ORD00086,Magazine,Books,5,330.46
ORD00086,Shoes,Clothing,2,352.97
ORD00086,T-shirt,Clothing,4,462.64
ORD00087,Rice,Groceries,5,18.93
ORD00087,Smartwatch,Electronics,1,20.05
ORD00088,Rice,Groceries,2,390.39
ORD00089,Comics,Books,2,440.83
ORD00089,Shoes,Clothing,4,153.36
ORD00089,Smartphone,Electronics,2,386.44
ORD00089,Comics,Books,3,443.68
ORD00089,Laptop,Electronics,2,316.25
ORD00090,Magazine,Books,5,334.45
ORD00090,Coffee,Groceries,5,129.54
ORD00090,T-shirt,Clothing,5,14.15
ORD00091,Fiction Novel,Books,4,123.28
ORD00091,Jeans,Clothing,2,164.28
ORD00091,Olive Oil,Groceries,2,432.41
ORD00091,Fiction Novel,Books,5,246.19
ORD00091,Magazine,Books,3,470.02
ORD00092,Magazine,Books,1,486.92
ORD00093,Comics,Books,4,23.66
ORD00093,Smartphone,Electronics,1,134.55
ORD00093,Coffee,Groceries,5,223.98
ORD00093,Jeans,Clothing,2,201.03
ORD00094,Smartphone,Electronics,1,12.61
ORD00094,Fiction Novel,Books,1,448.25
ORD00094,Laptop,Electronics,4,381.75
ORD00094,Coffee,Groceries,4,224.42
ORD00094,Science Book,Books,3,253.86
ORD00095,Pasta,Groceries,5,456.33
ORD00095,Olive Oil,Groceries,5,60.98
ORD00095,T-shirt,Clothing,1,351.51
ORD00096,Rice,Groceries,2,416.31
ORD00097,Shoes,Clothing,4,382.47
ORD00098,Laptop,Electronics,5,442.25
ORD00099,Shoes,Clothing,4,385.72
ORD00099,Pasta,Groceries,4,412.52
ORD00099,Jeans,Clothing,5,182.63
ORD00099,Rice,Groceries,1,494.66
ORD00099,Shoes,Clothing,1,42.39
ORD00100,Fiction Novel,Books,2,398.31
ORD00100,Rice,Groceries,3,496.2
ORD00100,Shoes,Clothing,5,63.85
ORD00100,T-shirt,Clothing,2,296.33
ORD00101,Science Book,Books,1,37.19
ORD00101,Magazine,Books,5,69.46
ORD00101,Science Book,Books,1,277.9
ORD00101,Coffee,Groceries,3,349.51
ORD00101,Jacket,Clothing,2,397.22
ORD00102,Olive Oil,Groceries,5,235.82
ORD00102,Magazine,Books,1,131.88
ORD00102,Headphones,Electronics,3,222.15
ORD00103,T-shirt,Clothing,3,251.23
ORD00103,Smartwatch,Electronics,5,429.61
ORD00103,Fiction Novel,Books,4,349.66
ORD00104,Laptop,Electronics,5,342.29
ORD00104,Comics,Books,4,311.42
ORD00105,Rice,Groceries,5,498.43
ORD00105,Coffee,Groceries,3,375.68
ORD00105,Comics,Books,2,200.17
ORD00105,Pasta,Groceries,1,442.6
ORD00105,Olive Oil,Groceries,4,47.44
ORD00106,Smartwatch,Electronics,1,296.05
ORD00107,Headphones,Electronics,5,38.87
ORD00107,Jacket,Clothing,3,436.78
ORD00107,Coffee,Groceries,2,287.32
ORD00108,Smartwatch,Electronics,1,493.36
ORD00109,T-shirt,Clothing,1,98.35
ORD00110,Jeans,Clothing,2,20.78
ORD00110,Pasta,Groceries,4,245.35
ORD00110,Science Book,Books,5,167.26
ORD00110,Jeans,Clothing,3,243.8
ORD00111,Smartwatch,Electronics,2,314.35
ORD00111,Magazine,Books,4,452.57
ORD00111,Jacket,Clothing,1,25.26
ORD00112,Smartphone,Electronics,2,112.14
ORD00112,Headphones,Electronics,4,72.63
ORD00112,Magazine,Books,3,241.66
ORD00112,Coffee,Groceries,3,164.76
ORD00113,Olive Oil,Groceries,2,410.1
ORD00113,Science Book,Books,1,39.48
ORD00114,Shoes,Clothing,4,95.69
ORD00115,Fiction Novel,Books,4,482.37
ORD00115,T-shirt,Clothing,1,380.21
ORD00115,Laptop,Electronics,3,115.04
ORD00116,Smartwatch,Electronics,3,489.63
ORD00116,Fiction Novel,Books,3,441.79
ORD00117,Jacket,Clothing,5,248.26
ORD00117,Magazine,Books,4,481.35
ORD00117,Comics,Books,2,331.46
ORD00117,Olive Oil,Groceries,2,71.47
ORD00118,Smartphone,Electronics,1,133.49
ORD00118,Science Book,Books,5,164.7
ORD00118,Rice,Groceries,4,309.46
ORD00118,Magazine,Books,2,81.54
ORD00118,Pasta,Groceries,5,150.93
ORD00119,Olive Oil,Groceries,5,86.99
ORD00119,Coffee,Groceries,5,291.74
ORD00119,Pasta,Groceries,1,408.95
ORD00119,Shoes,Clothing,1,306.9
ORD00119,Headphones,Electronics,2,201.41
ORD00120,Fiction Novel,Books,1,132.58
ORD00121,Shoes,Clothing,4,331.49
ORD00121,Magazine,Books,3,449.72
ORD00121,Laptop,Electronics,3,305.27
ORD00121,Jeans,Clothing,1,425.13
ORD00122,Smartphone,Electronics,2,325.3
ORD00122,Science Book,Books,5,104.13
ORD00122,Magazine,Books,4,346.13
ORD00122,Smartwatch,Electronics,4,23.47
ORD00122,Jacket,Clothing,5,337.84
ORD00123,Science Book,Books,5,171.43
ORD00123,Fiction Novel,Books,1,498.4
ORD00123,Fiction Novel,Books,3,124.35
ORD00123,Jacket,Clothing,3,230.51
ORD00123,Olive Oil,Groceries,4,406.31
ORD00124,Comics,Books,4,437.62
ORD00124,Laptop,Electronics,3,206.37
ORD00124,Jacket,Clothing,5,295.4
ORD00124,Laptop,Electronics,1,147.66
ORD00124,Olive Oil,Groceries,2,130.35
ORD00125,Coffee,Groceries,5,91.26
ORD00126,Fiction Novel,Books,5,92.57
ORD00126,Smartphone,Electronics,1,10.89
ORD00126,Rice,Groceries,1,218.22
ORD00126,Smartwatch,Electronics,3,256.69
ORD00126,Fiction Novel,Books,2,172.14
ORD00127,Fiction Novel,Books,1,46.44
ORD00128,Pasta,Groceries,5,94.13
ORD00128,Comics,Books,1,88.83
ORD00128,Headphones,Electronics,4,338.39
ORD00128,Comics,Books,4,270.91
ORD00128,Fiction Novel,Books,5,466.71
ORD00129,Olive Oil,Groceries,4,288.4
ORD00129,Jeans,Clothing,3,239.73
ORD00130,Jeans,Clothing,4,294.38
ORD00131,Smartwatch,Electronics,4,76.29
ORD00132,Headphones,Electronics,2,446.24
ORD00132,Smartwatch,Electronics,3,476.69
ORD00133,Comics,Books,5,116.63
ORD00133,Jeans,Clothing,4,469.12
ORD00133,Comics,Books,3,178.33
ORD00134,Rice,Groceries,4,175.88
ORD00135,Rice,Groceries,5,275.25
ORD00135,Smartphone,Electronics,3,46.75
ORD00135,Smartwatch,Electronics,2,124.29
ORD00136,Science Book,Books,3,436.05
ORD00136,Smartphone,Electronics,2,459.31
ORD00136,Pasta,Groceries,4,198.33
ORD00136,Pasta,Groceries,3,487.5
ORD00136,Magazine,Books,4,270.61
ORD00137,Jeans,Clothing,1,144.35
ORD00137,T-shirt,Clothing,4,372.91
ORD00137,Rice,Groceries,1,112.02
ORD00137,Shoes,Clothing,1,491.61
ORD00137,Smartwatch,Electronics,5,358.44
ORD00138,Science Book,Books,2,239.26
ORD00138,Jeans,Clothing,2,89.14
ORD00138,Fiction Novel,Books,1,393.59
ORD00138,Science Book,Books,5,213.32
ORD00139,Comics,Books,5,360.8
ORD00139,Olive Oil,Groceries,1,377.1
ORD00139,Olive Oil,Groceries,1,26.57
ORD00140,Rice,Groceries,1,438.76
ORD00140,Comics,Books,2,290.6
ORD00140,Fiction Novel,Books,4,61.64
ORD00141,Shoes,Clothing,1,13.17
ORD00142,Jacket,Clothing,1,484.45
ORD00142,Science Book,Books,1,421.97
ORD00142,Smartphone,Electronics,4,390.76
ORD00142,Shoes,Clothing,4,496.18
ORD00142,Smartphone,Electronics,4,240.18
ORD00143,Jeans,Clothing,2,464.79
ORD00143,Jeans,Clothing,5,312.91
ORD00143,Comics,Books,2,19.15
ORD00143,Rice,Groceries,1,233.48
ORD00143,Pasta,Groceries,1,227.66
ORD00144,Shoes,Clothing,1,396.01
ORD00144,Magazine,Books,3,422.03
ORD00144,Science Book,Books,1,324.87
ORD00145,Fiction Novel,Books,3,106.1
ORD00146,Jeans,Clothing,5,38.21
ORD00147,Comics,Books,3,396.9
ORD00147,Headphones,Electronics,3,110.83
ORD00147,Magazine,Books,4,35.1
ORD00148,Comics,Books,2,249.29
ORD00148,Pasta,Groceries,3,35.17
ORD00149,Jacket,Clothing,5,465.19
ORD00149,Magazine,Books,4,385.15
ORD00150,Smartphone,Electronics,3,25.62
ORD00150,Fiction Novel,Books,5,263.68
ORD00150,Smartphone,Electronics,5,454.09
ORD00150,Olive Oil,Groceries,2,145.0
ORD00151,Science Book,Books,3,27.19
ORD00151,Jacket,Clothing,4,21.95
ORD00151,Headphones,Electronics,2,481.75
ORD00151,Rice,Groceries,1,69.54
ORD00152,Headphones,Electronics,1,315.3
ORD00152,Pasta,Groceries,5,414.0
ORD00152,Pasta,Groceries,4,416.73
ORD00152,Shoes,Clothing,2,146.69
ORD00153,Laptop,Electronics,1,114.03
ORD00153,Science Book,Books,2,275.01
ORD00154,Science Book,Books,5,363.7
ORD00155,Rice,Groceries,3,291.07
ORD00156,Jeans,Clothing,1,376.79
ORD00156,Olive Oil,Groceries,2,279.2
ORD00156,Rice,Groceries,4,169.37
ORD00157,Magazine,Books,4,324.67
ORD00157,Comics,Books,3,381.79
ORD00158,Smartphone,Electronics,4,66.52
ORD00159,Shoes,Clothing,3,33.71
ORD00160,Magazine,Books,3,323.27
ORD00160,Smartphone,Electronics,4,432.49
ORD00160,Smartphone,Electronics,3,363.74
ORD00160,Pasta,Groceries,2,185.72
ORD00161,Magazine,Books,1,49.27
ORD00161,Science Book,Books,2,374.88
ORD00161,Jeans,Clothing,5,96.02
ORD00161,Fiction Novel,Books,2,214.8
ORD00161,Laptop,Electronics,2,189.63
ORD00162,Coffee,Groceries,3,395.72
ORD00163,Science Book,Books,2,197.95
ORD00163,Olive Oil,Groceries,1,422.36
ORD00163,Jacket,Clothing,5,252.93
ORD00164,Fiction Novel,Books,3,244.47
ORD00165,Shoes,Clothing,3,340.9
ORD00165,Pasta,Groceries,1,319.25
ORD00165,Olive Oil,Groceries,1,429.95
ORD00165,Rice,Groceries,3,164.18
ORD00166,Smartphone,Electronics,3,381.67
ORD00166,Headphones,Electronics,2,333.98
ORD00166,Pasta,Groceries,5,111.46
ORD00166,Magazine,Books,4,483.23
ORD00167,Comics,Books,3,239.18
ORD00167,T-shirt,Clothing,5,143.8
ORD00167,Laptop,Electronics,2,23.0
ORD00167,Fiction Novel,Books,3,438.73
ORD00167,Science Book,Books,4,302.34
ORD00168,T-shirt,Clothing,1,12.72
ORD00169,Science Book,Books,1,127.54
ORD00169,Pasta,Groceries,4,109.3
ORD00169,Science Book,Books,3,288.56
ORD00169,Rice,Groceries,5,221.13
ORD00170,T-shirt,Clothing,5,485.01
ORD00170,Comics,Books,4,417.94
ORD00171,Smartwatch,Electronics,2,230.53
ORD00171,Jacket,Clothing,5,256.86
ORD00171,Smartphone,Electronics,5,454.89
ORD00171,Jeans,Clothing,2,20.65
ORD00172,Science Book,Books,3,237.22
ORD00172,Magazine,Books,2,426.26
ORD00172,Pasta,Groceries,4,407.7
ORD00172,Coffee,Groceries,2,111.12
ORD00172,Comics,Books,2,452.21
ORD00173,Coffee,Groceries,3,63.23
ORD00174,Pasta,Groceries,4,149.85
ORD00175,Science Book,Books,5,61.92
ORD00175,Jacket,Clothing,4,161.68
ORD00175,Shoes,Clothing,3,312.13
ORD00175,Science Book,Books,1,88.98
ORD00176,Comics,Books,5,147.26
ORD00176,Coffee,Groceries,1,402.33
ORD00176,Headphones,Electronics,5,238.76
ORD00177,Comics,Books,5,203.62
ORD00177,T-shirt,Clothing,3,56.18
ORD00177,Jeans,Clothing,4,55.78
ORD00177,Smartwatch,Electronics,1,417.18
ORD00177,Shoes,Clothing,5,58.8
ORD00178,Rice,Groceries,5,465.35
ORD00178,Headphones,Electronics,4,287.1
ORD00178,Olive Oil,Groceries,5,62.15
ORD00178,Comics,Books,5,202.85
ORD00179,Olive Oil,Groceries,1,452.61
ORD00179,Magazine,Books,4,32.78
ORD00179,Smartwatch,Electronics,3,284.24
ORD00179,Olive Oil,Groceries,2,440.17
ORD00179,Laptop,Electronics,5,321.11
ORD00180,Shoes,Clothing,2,175.03
ORD00180,Coffee,Groceries,5,474.74
ORD00181,Laptop,Electronics,3,252.01
ORD00182,Jacket,Clothing,4,138.69
ORD00182,Magazine,Books,4,388.55
ORD00182,T-shirt,Clothing,4,287.38
ORD00182,Rice,Groceries,4,126.3
ORD00183,Science Book,Books,1,11.47
ORD00183,Jeans,Clothing,1,379.04
ORD00183,T-shirt,Clothing,3,386.07
ORD00183,Pasta,Groceries,1,98.78
ORD00183,Comics,Books,1,322.13
ORD00184,Smartphone,Electronics,2,302.66
ORD00185,Rice,Groceries,2,426.91
ORD00185,Smartphone,Electronics,4,437.24
ORD00185,Rice,Groceries,1,32.73
ORD00185,Comics,Books,3,43.83
ORD00185,Comics,Books,1,389.15
ORD00186,Comics,Books,5,422.12
ORD00186,Smartwatch,Electronics,4,394.58
ORD00186,Magazine,Books,3,399.68
ORD00187,Pasta,Groceries,1,442.31
ORD00187,Magazine,Books,2,169.64
ORD00187,Headphones,Electronics,1,251.29
ORD00187,Coffee,Groceries,5,484.27
ORD00187,Science Book,Books,1,498.23
ORD00188,Jeans,Clothing,1,41.43
ORD00188,Headphones,Electronics,3,162.08
ORD00188,Headphones,Electronics,5,161.14
ORD00189,Shoes,Clothing,3,213.64
ORD00189,Science Book,Books,4,294.32
ORD00189,Laptop,Electronics,4,364.13
ORD00189,Jacket,Clothing,1,331.9
ORD00189,Smartphone,Electronics,2,346.66
ORD00190,Rice,Groceries,1,310.1
ORD00190,Comics,Books,5,338.59
ORD00190,Magazine,Books,2,423.01
ORD00191,T-shirt,Clothing,5,12.27
ORD00191,Coffee,Groceries,4,230.93
ORD00192,Comics,Books,3,292.96
ORD00192,Smartphone,Electronics,2,391.02
ORD00192,Magazine,Books,1,355.51
ORD00192,Smartphone,Electronics,2,40.04
ORD00192,Science Book,Books,4,458.23
ORD00193,Jacket,Clothing,3,489.94
ORD00193,Shoes,Clothing,2,92.85
ORD00193,Fiction Novel,Books,5,255.07
ORD00194,Comics,Books,5,461.36
ORD00194,Headphones,Electronics,1,211.22
ORD00194,Magazine,Books,1,15.57
ORD00194,Jeans,Clothing,3,186.23
ORD00194,Jacket,Clothing,5,307.8
ORD00195,Olive Oil,Groceries,2,256.67
ORD00195,Shoes,Clothing,3,466.79
ORD00195,T-shirt,Clothing,1,399.43
ORD00196,Jeans,Clothing,1,115.41
ORD00196,Smartphone,Electronics,4,486.99
ORD00196,Jeans,Clothing,2,489.44
ORD00196,Olive Oil,Groceries,2,480.55
ORD00197,Jeans,Clothing,3,361.61
ORD00198,Magazine,Books,4,434.04
ORD00198,Smartwatch,Electronics,4,469.32
ORD00199,Laptop,Electronics,5,153.62
ORD00199,Coffee,Groceries,2,155.74
ORD00199,Olive Oil,Groceries,5,349.05
ORD00200,Coffee,Groceries,5,442.11
ORD00200,Smartphone,Electronics,3,227.22
ORD00201,Magazine,Books,5,324.52
ORD00201,Fiction Novel,Books,5,363.12
ORD00201,Olive Oil,Groceries,2,460.1
ORD00201,T-shirt,Clothing,5,113.52
ORD00202,Shoes,Clothing,5,380.12
ORD00202,Magazine,Books,3,466.91
ORD00203,Olive Oil,Groceries,2,413.14
ORD00203,Olive Oil,Groceries,1,424.14
ORD00204,Olive Oil,Groceries,1,430.13
ORD00204,Smartphone,Electronics,1,267.29
ORD00205,Headphones,Electronics,4,249.16
ORD00205,Magazine,Books,2,154.42
ORD00206,Jacket,Clothing,5,30.13
ORD00206,Comics,Books,5,418.47
ORD00206,Olive Oil,Groceries,5,365.42
ORD00206,T-shirt,Clothing,2,75.23
ORD00206,Laptop,Electronics,4,25.44
ORD00207,Science Book,Books,5,431.37
ORD00207,Fiction Novel,Books,1,232.4
ORD00207,Jeans,Clothing,3,58.05
ORD00208,T-shirt,Clothing,1,459.54
ORD00208,Science Book,Books,4,41.41
ORD00208,Magazine,Books,3,322.57
ORD00208,Smartwatch,Electronics,1,346.26
ORD00208,Shoes,Clothing,2,365.22
ORD00209,Laptop,Electronics,3,441.08
ORD00210,Coffee,Groceries,5,317.03
ORD00210,Comics,Books,4,499.44
ORD00210,Science Book,Books,1,140.06
ORD00210,Laptop,Electronics,2,111.88
ORD00210,Smartwatch,Electronics,1,370.86
ORD00211,Science Book,Books,4,372.8
ORD00211,Jacket,Clothing,2,87.61
ORD00211,Coffee,Groceries,1,91.92
ORD00211,Science Book,Books,4,214.27
ORD00211,Shoes,Clothing,3,360.72
ORD00212,Jacket,Clothing,3,397.59
ORD00212,Smartphone,Electronics,2,280.64
ORD00212,Rice,Groceries,3,471.18
ORD00213,T-shirt,Clothing,1,88.67
ORD00213,Pasta,Groceries,2,59.96
ORD00213,Coffee,Groceries,3,484.02
ORD00213,Olive Oil,Groceries,3,154.97
ORD00214,Smartphone,Electronics,1,473.49
ORD00214,Jeans,Clothing,2,66.17
ORD00214,Headphones,Electronics,4,141.45
ORD00214,Comics,Books,5,116.61
ORD00214,T-shirt,Clothing,4,263.82
ORD00215,Olive Oil,Groceries,4,119.56
ORD00215,T-shirt,Clothing,5,201.73
ORD00216,Smartwatch,Electronics,5,168.63
ORD00216,Laptop,Electronics,4,353.67
ORD00216,Headphones,Electronics,4,110.9
ORD00216,Comics,Books,2,256.02
ORD00216,Smartphone,Electronics,3,245.48
ORD00217,Comics,Books,2,442.43
ORD00217,Smartphone,Electronics,5,300.81
ORD00217,Olive Oil,Groceries,2,434.14
ORD00218,Smartphone,Electronics,5,362.38
ORD00218,Olive Oil,Groceries,5,125.59
ORD00218,Jacket,Clothing,3,384.7
ORD00219,Smartwatch,Electronics,3,177.87
ORD00219,Science Book,Books,5,425.63
ORD00219,Science Book,Books,1,221.22
ORD00219,Coffee,Groceries,3,460.11
ORD00220,T-shirt,Clothing,5,106.1
ORD00220,Olive Oil,Groceries,3,48.53
ORD00221,Magazine,Books,4,214.46
ORD00222,Jeans,Clothing,2,129.89
ORD00222,Fiction Novel,Books,1,186.42
ORD00222,Olive Oil,Groceries,5,235.0
ORD00222,Comics,Books,4,314.51
ORD00223,Rice,Groceries,2,175.22
ORD00223,T-shirt,Clothing,4,235.26
ORD00223,Jeans,Clothing,3,16.87
ORD00223,T-shirt,Clothing,4,74.37
ORD00223,Laptop,Electronics,1,127.8
ORD00224,Olive Oil,Groceries,3,251.86
ORD00224,Jeans,Clothing,3,198.53
ORD00225,Fiction Novel,Books,3,317.78
ORD00226,Rice,Groceries,3,484.98
ORD00226,Shoes,Clothing,2,122.09
ORD00227,Jeans,Clothing,3,429.7
ORD00227,Jacket,Clothing,1,23.2
ORD00228,Jacket,Clothing,4,465.57
ORD00228,Science Book,Books,2,473.37
ORD00228,T-shirt,Clothing,3,460.26
ORD00229,Jeans,Clothing,1,322.2
ORD00229,Smartwatch,Electronics,5,127.14
ORD00229,Shoes,Clothing,3,452.67
ORD00230,Smartphone,Electronics,5,330.25
ORD00230,Rice,Groceries,5,449.02
ORD00230,T-shirt,Clothing,5,413.17
ORD00230,Coffee,Groceries,4,269.43
ORD00231,Coffee,Groceries,2,381.93
ORD00231,T-shirt,Clothing,1,234.09
ORD00231,Science Book,Books,2,445.09
ORD00231,Rice,Groceries,2,90.26
ORD00232,Headphones,Electronics,4,427.02
ORD00232,Laptop,Electronics,4,491.83
ORD00232,Comics,Books,4,294.55
ORD00233,Laptop,Electronics,2,63.91
ORD00233,T-shirt,Clothing,3,42.36
ORD00234,Pasta,Groceries,3,76.68
ORD00234,T-shirt,Clothing,5,245.14
ORD00234,Pasta,Groceries,1,478.75
ORD00234,Olive Oil,Groceries,2,159.3
ORD00235,Science Book,Books,5,376.27
ORD00235,Smartwatch,Electronics,5,139.33
ORD00235,Shoes,Clothing,5,125.55
ORD00235,Science Book,Books,4,457.19
ORD00235,Jacket,Clothing,4,54.09
ORD00236,Laptop,Electronics,5,139.71
ORD00237,Comics,Books,3,259.34
ORD00237,T-shirt,Clothing,3,420.29
ORD00237,Smartphone,Electronics,2,136.92
ORD00238,Headphones,Electronics,1,325.79
ORD00238,Coffee,Groceries,2,132.35
ORD00238,Fiction Novel,Books,3,62.66
ORD00238,Fiction Novel,Books,1,172.49
ORD00239,Olive Oil,Groceries,2,84.84
ORD00239,Olive Oil,Groceries,4,312.11
ORD00239,Pasta,Groceries,4,398.2
ORD00239,Coffee,Groceries,3,31.5
ORD00240,Olive Oil,Groceries,4,187.06
ORD00240,Coffee,Groceries,3,113.8
ORD00240,T-shirt,Clothing,5,280.11
ORD00240,T-shirt,Clothing,2,160.15
ORD00241,Shoes,Clothing,1,167.45
ORD00241,Olive Oil,Groceries,5,200.19
ORD00241,Science Book,Books,1,344.03
ORD00242,Jacket,Clothing,4,419.96
ORD00242,Olive Oil,Groceries,4,307.66
ORD00242,Coffee,Groceries,3,53.31
ORD00243,Shoes,Clothing,5,214.79
ORD00243,Jacket,Clothing,1,274.54
ORD00244,Coffee,Groceries,5,158.63
ORD00245,T-shirt,Clothing,5,316.15
ORD00246,Science Book,Books,5,112.43
ORD00246,Fiction Novel,Books,5,245.67
ORD00247,Fiction Novel,Books,1,311.89
ORD00248,Rice,Groceries,4,284.24
ORD00249,T-shirt,Clothing,5,146.34
ORD00249,Smartwatch,Electronics,5,38.9
ORD00249,Jacket,Clothing,3,214.93
ORD00250,Smartphone,Electronics,1,435.38
ORD00250,Smartphone,Electronics,3,245.42
ORD00251,Magazine,Books,5,447.43
ORD00251,Rice,Groceries,4,173.15
ORD00251,Smartwatch,Electronics,4,429.56
ORD00252,Jeans,Clothing,1,465.83
ORD00252,Pasta,Groceries,2,274.95
ORD00252,Magazine,Books,5,480.79
ORD00252,Coffee,Groceries,5,372.55
ORD00252,Olive Oil,Groceries,5,116.07
ORD00253,Pasta,Groceries,4,123.42
ORD00254,Pasta,Groceries,1,478.72
ORD00254,Coffee,Groceries,3,305.59
ORD00255,Rice,Groceries,5,215.52
ORD00255,Smartwatch,Electronics,3,468.37
ORD00255,Pasta,Groceries,3,231.39
ORD00255,Pasta,Groceries,2,331.94
ORD00255,Smartwatch,Electronics,2,174.23
ORD00256,Shoes,Clothing,2,140.07
ORD00256,Coffee,Groceries,4,432.7
ORD00256,Jeans,Clothing,4,285.71
ORD00256,Coffee,Groceries,5,131.48
ORD00256,Pasta,Groceries,2,128.42
ORD00257,Headphones,Electronics,1,107.78
ORD00258,Olive Oil,Groceries,3,317.23
ORD00259,Smartwatch,Electronics,1,184.7
ORD00259,Headphones,Electronics,2,202.79
ORD00259,T-shirt,Clothing,4,272.47
ORD00259,Jacket,Clothing,5,494.56
ORD00259,Olive Oil,Groceries,4,410.09
ORD00260,Fiction Novel,Books,3,301.67
ORD00260,Laptop,Electronics,3,41.29
ORD00260,Jeans,Clothing,4,298.43
ORD00260,Shoes,Clothing,2,64.82
ORD00260,Comics,Books,4,101.48
ORD00261,Shoes,Clothing,3,226.53
ORD00261,Science Book,Books,2,127.06
ORD00262,T-shirt,Clothing,3,20.92
ORD00262,Jacket,Clothing,2,483.61
ORD00262,Rice,Groceries,1,352.33
ORD00262,Olive Oil,Groceries,5,417.17
ORD00262,Coffee,Groceries,4,431.58
ORD00263,Shoes,Clothing,5,93.43
ORD00263,Magazine,Books,1,417.91
ORD00263,Jacket,Clothing,3,356.78
ORD00264,Smartphone,Electronics,1,63.56
ORD00264,Comics,Books,5,326.25
ORD00264,Jeans,Clothing,5,42.39
ORD00264,Shoes,Clothing,1,423.78
ORD00264,Smartwatch,Electronics,4,110.79
ORD00265,T-shirt,Clothing,4,339.48
ORD00265,Comics,Books,5,157.68
ORD00266,Science Book,Books,1,162.49
ORD00266,Coffee,Groceries,3,74.51
ORD00266,Jeans,Clothing,5,147.53
ORD00266,Shoes,Clothing,5,44.8
ORD00267,Rice,Groceries,5,430.24
ORD00267,Olive Oil,Groceries,2,292.73
ORD00267,Smartwatch,Electronics,1,290.7
ORD00267,Shoes,Clothing,5,291.76
ORD00267,Shoes,Clothing,5,44.2
ORD00268,Olive Oil,Groceries,4,98.33
ORD00268,Comics,Books,4,53.47
ORD00269,Coffee,Groceries,3,384.21
ORD00269,Pasta,Groceries,2,231.38
ORD00269,Magazine,Books,1,220.35
ORD00270,Olive Oil,Groceries,5,196.59
ORD00270,Olive Oil,Groceries,5,237.85
ORD00270,Coffee,Groceries,4,185.21
ORD00270,Rice,Groceries,4,290.71
ORD00270,Comics,Books,5,158.55
ORD00271,Olive Oil,Groceries,1,499.14
ORD00271,Laptop,Electronics,3,219.82
ORD00272,Smartphone,Electronics,3,119.83
ORD00272,Smartwatch,Electronics,4,186.84
ORD00273,Rice,Groceries,1,324.37
ORD00274,Smartwatch,Electronics,1,356.92
ORD00274,Fiction Novel,Books,3,113.59
ORD00274,Jacket,Clothing,5,76.75
ORD00274,Coffee,Groceries,4,303.71
ORD00275,Jeans,Clothing,4,111.88
ORD00275,Headphones,Electronics,1,437.2
ORD00275,Olive Oil,Groceries,4,330.51
ORD00275,Science Book,Books,5,38.52
ORD00275,Magazine,Books,2,413.82
ORD00276,T-shirt,Clothing,2,152.2
ORD00276,Shoes,Clothing,5,356.1
ORD00276,Rice,Groceries,4,437.96
ORD00276,Rice,Groceries,1,330.02
ORD00276,Smartphone,Electronics,3,431.58
ORD00277,Shoes,Clothing,5,338.57
ORD00277,Rice,Groceries,4,333.49
ORD00277,Olive Oil,Groceries,4,191.95
ORD00278,Fiction Novel,Books,5,362.85
ORD00278,Jeans,Clothing,3,112.97
ORD00278,Rice,Groceries,2,90.31
ORD00278,Fiction Novel,Books,1,174.52
ORD00278,Comics,Books,1,258.25
ORD00279,Fiction Novel,Books,1,455.41
ORD00279,Shoes,Clothing,4,162.71
ORD00279,Pasta,Groceries,2,130.85
ORD00279,Shoes,Clothing,2,225.27
ORD00280,Olive Oil,Groceries,4,480.89
ORD00280,Rice,Groceries,2,389.98
ORD00281,Rice,Groceries,3,425.26
ORD00282,Shoes,Clothing,5,276.0
ORD00282,T-shirt,Clothing,2,441.15
ORD00283,Coffee,Groceries,2,174.23
ORD00283,Pasta,Groceries,5,379.41
ORD00283,Pasta,Groceries,1,390.71
ORD00283,Smartwatch,Electronics,4,104.33
ORD00283,Science Book,Books,1,275.6
ORD00284,T-shirt,Clothing,4,70.31
ORD00284,Jacket,Clothing,1,101.6
ORD00284,Fiction Novel,Books,4,233.36
ORD00284,Shoes,Clothing,5,43.21
ORD00284,Coffee,Groceries,4,280.95
ORD00285,T-shirt,Clothing,1,27.91
ORD00285,Comics,Books,5,302.44
ORD00285,Comics,Books,1,412.68
ORD00285,Smartwatch,Electronics,5,406.75
ORD00286,Magazine,Books,3,292.73
ORD00286,Olive Oil,Groceries,1,380.23
ORD00286,Jeans,Clothing,2,418.8
ORD00286,Science Book,Books,2,337.32
ORD00287,Headphones,Electronics,3,212.15
ORD00287,Science Book,Books,2,415.42
ORD00287,Olive Oil,Groceries,4,453.45
ORD00287,Coffee,Groceries,1,44.64
ORD00288,Headphones,Electronics,3,69.93
ORD00288,Fiction Novel,Books,3,278.7
ORD00289,Olive Oil,Groceries,5,30.62
ORD00289,Jeans,Clothing,1,412.15
ORD00289,Science Book,Books,1,132.67
ORD00289,Shoes,Clothing,1,495.38
ORD00289,Comics,Books,1,369.29
ORD00290,Pasta,Groceries,5,295.61
ORD00291,Smartphone,Electronics,5,288.71
ORD00292,Jacket,Clothing,1,133.79
ORD00293,Smartphone,Electronics,2,198.77
ORD00294,Olive Oil,Groceries,1,314.43
ORD00295,Laptop,Electronics,1,104.15
ORD00295,Olive Oil,Groceries,2,12.95
ORD00295,Coffee,Groceries,1,368.22
ORD00295,Headphones,Electronics,4,108.6
ORD00296,Rice,Groceries,1,262.5
ORD00297,Coffee,Groceries,1,199.22
ORD00298,Comics,Books,1,457.47
ORD00298,Rice,Groceries,2,134.88
ORD00298,Science Book,Books,1,59.01
ORD00298,Comics,Books,3,258.35
ORD00299,Rice,Groceries,3,390.58
ORD00299,Magazine,Books,1,250.98
ORD00299,Smartphone,Electronics,3,480.86
ORD00299,Jeans,Clothing,2,181.93
ORD00299,Laptop,Electronics,4,216.44
ORD00300,Magazine,Books,3,477.47
ORD00300,T-shirt,Clothing,2,230.56
ORD00300,Rice,Groceries,4,455.67
ORD00300,Laptop,Electronics,5,471.74
ORD00301,T-shirt,Clothing,5,271.26
ORD00301,Magazine,Books,4,471.42
ORD00301,Science Book,Books,3,179.98
ORD00301,Science Book,Books,2,231.42
ORD00301,Science Book,Books,1,415.53
ORD00302,Fiction Novel,Books,3,141.11
ORD00302,Magazine,Books,5,415.59
ORD00302,Jeans,Clothing,5,321.48
ORD00303,Headphones,Electronics,1,104.02
ORD00303,Coffee,Groceries,1,484.99
ORD00303,Headphones,Electronics,5,441.25
ORD00303,Fiction Novel,Books,5,258.59
ORD00303,Laptop,Electronics,1,261.93
ORD00304,Rice,Groceries,3,323.71
ORD00304,Rice,Groceries,4,349.37
ORD00305,Smartwatch,Electronics,5,31.73
ORD00305,Laptop,Electronics,4,184.73
ORD00305,Headphones,Electronics,5,261.86
ORD00305,Comics,Books,1,334.79
ORD00305,T-shirt,Clothing,2,475.39
ORD00306,Smartphone,Electronics,1,370.92
ORD00306,Olive Oil,Groceries,2,392.89
ORD00307,Shoes,Clothing,2,406.41
ORD00307,Comics,Books,2,199.23
ORD00307,Comics,Books,4,236.32
ORD00308,Smartphone,Electronics,3,400.64
ORD00308,Smartphone,Electronics,3,295.52
ORD00308,Comics,Books,5,445.62
ORD00308,Headphones,Electronics,4,108.92
ORD00308,Comics,Books,3,43.84
ORD00309,Coffee,Groceries,1,38.19
ORD00309,Shoes,Clothing,2,315.62
ORD00309,Laptop,Electronics,5,463.76
ORD00309,Laptop,Electronics,3,184.31
ORD00310,Headphones,Electronics,3,315.42
ORD00310,Rice,Groceries,2,222.19
ORD00310,Rice,Groceries,3,281.75
ORD00310,Jeans,Clothing,1,199.03
ORD00310,Jeans,Clothing,4,478.34
ORD00311,Smartphone,Electronics,3,238.62
ORD00311,Fiction Novel,Books,5,367.97
ORD00311,Olive Oil,Groceries,3,334.03
ORD00311,Comics,Books,5,318.74
ORD00312,Comics,Books,2,448.06
ORD00312,Rice,Groceries,3,449.96
ORD00313,Jeans,Clothing,5,389.42
ORD00313,Comics,Books,1,366.29
ORD00313,Olive Oil,Groceries,5,152.36
ORD00313,Comics,Books,1,177.63
ORD00314,Comics,Books,1,320.7
ORD00315,Laptop,Electronics,3,69.64
ORD00316,Jacket,Clothing,4,391.48
ORD00316,Shoes,Clothing,5,25.19
ORD00316,Rice,Groceries,1,63.03
ORD00317,Jeans,Clothing,1,401.32
ORD00317,Olive Oil,Groceries,2,452.31
ORD00317,Pasta,Groceries,4,407.77
ORD00317,Laptop,Electronics,2,10.92
ORD00317,Jeans,Clothing,2,91.81
ORD00318,Olive Oil,Groceries,5,407.49
ORD00318,Comics,Books,2,50.19
ORD00318,Coffee,Groceries,4,94.37
ORD00319,Headphones,Electronics,1,96.89
ORD00319,Pasta,Groceries,2,256.08
ORD00319,Coffee,Groceries,5,280.01
ORD00320,Jeans,Clothing,5,477.36
ORD00321,Fiction Novel,Books,3,490.84
ORD00321,Science Book,Books,4,478.2
ORD00321,Laptop,Electronics,5,112.09
ORD00322,Jeans,Clothing,3,291.47
ORD00322,Olive Oil,Groceries,4,188.66
ORD00322,Jacket,Clothing,2,72.31
ORD00323,Comics,Books,2,139.86
ORD00324,Smartwatch,Electronics,5,374.75
ORD00325,Headphones,Electronics,2,451.24
ORD00325,Rice,Groceries,3,202.28
ORD00326,Headphones,Electronics,1,228.51
ORD00326,Jacket,Clothing,2,157.61
ORD00327,Smartwatch,Electronics,3,98.61
ORD00327,Smartphone,Electronics,4,394.83
ORD00327,Smartphone,Electronics,5,394.83
ORD00328,Comics,Books,4,101.74
ORD00328,Comics,Books,3,429.45
ORD00328,Smartwatch,Electronics,4,325.89
ORD00329,Olive Oil,Groceries,1,243.62
ORD00330,Headphones,Electronics,1,449.22
ORD00330,Science Book,Books,4,305.12
ORD00331,Fiction Novel,Books,1,429.49
ORD00331,Rice,Groceries,4,424.05
ORD00331,Smartphone,Electronics,2,99.06
ORD00331,Laptop,Electronics,1,400.29
ORD00331,Smartphone,Electronics,1,90.89
ORD00332,Magazine,Books,5,260.04
ORD00332,Science Book,Books,2,352.16
ORD00332,Smartwatch,Electronics,2,336.33
ORD00333,Laptop,Electronics,1,454.45
ORD00334,Jacket,Clothing,4,355.83
ORD00334,Laptop,Electronics,1,472.07
ORD00334,Jacket,Clothing,3,73.09
ORD00335,Smartwatch,Electronics,4,301.32
ORD00336,Headphones,Electronics,3,405.82
ORD00336,Pasta,Groceries,5,53.03
ORD00337,Jacket,Clothing,5,158.79
ORD00337,Jacket,Clothing,1,400.64
ORD00337,T-shirt,Clothing,2,119.54
ORD00337,Magazine,Books,4,198.62
ORD00338,Jacket,Clothing,3,375.49
ORD00339,Pasta,Groceries,2,89.52
ORD00339,Magazine,Books,5,70.78
ORD00340,Shoes,Clothing,4,225.16
ORD00340,Olive Oil,Groceries,1,252.35
ORD00341,Pasta,Groceries,5,465.63
ORD00342,T-shirt,Clothing,1,303.47
ORD00342,Olive Oil,Groceries,5,410.91
ORD00342,Coffee,Groceries,2,421.3
ORD00343,Coffee,Groceries,2,315.61
ORD00343,Olive Oil,Groceries,4,228.23
ORD00344,Shoes,Clothing,2,455.97
ORD00344,Jacket,Clothing,2,384.33
ORD00344,Pasta,Groceries,2,378.27
ORD00345,Pasta,Groceries,5,456.73
ORD00345,Laptop,Electronics,3,82.97
ORD00345,Magazine,Books,2,188.38
ORD00345,Magazine,Books,3,140.48
ORD00346,Pasta,Groceries,4,333.38
ORD00347,Fiction Novel,Books,3,78.08
ORD00348,Smartwatch,Electronics,4,66.93
ORD00348,Magazine,Books,4,312.52
ORD00348,Comics,Books,5,248.72
ORD00349,Olive Oil,Groceries,3,33.03
ORD00349,Rice,Groceries,4,449.95
ORD00349,Science Book,Books,1,448.01
ORD00350,Smartphone,Electronics,1,87.35
ORD00350,Science Book,Books,5,309.43
ORD00351,Comics,Books,4,25.48
ORD00351,Jeans,Clothing,5,360.15
ORD00352,Magazine,Books,5,10.96
ORD00352,Fiction Novel,Books,1,28.88
ORD00352,Shoes,Clothing,2,122.29
ORD00353,Laptop,Electronics,1,225.97
ORD00353,Smartwatch,Electronics,3,232.65
ORD00353,Smartphone,Electronics,2,331.93
ORD00354,Jacket,Clothing,3,194.17
ORD00354,Science Book,Books,5,425.94
ORD00354,Laptop,Electronics,1,145.28
ORD00355,Fiction Novel,Books,5,309.16
ORD00355,Fiction Novel,Books,5,467.05
ORD00355,Jeans,Clothing,3,176.47
ORD00355,Science Book,Books,3,389.31
ORD00356,Headphones,Electronics,2,395.96
ORD00356,Olive Oil,Groceries,5,127.59
ORD00356,Science Book,Books,2,115.28
ORD00356,Science Book,Books,3,222.0
ORD00357,Rice,Groceries,4,130.57
ORD00357,Olive Oil,Groceries,4,448.97
ORD00357,Smartphone,Electronics,1,273.29
ORD00358,Smartphone,Electronics,3,298.92
ORD00358,Magazine,Books,4,279.71
ORD00358,Laptop,Electronics,3,442.05
ORD00358,Jeans,Clothing,1,330.04
ORD00359,Rice,Groceries,3,497.41
ORD00359,Olive Oil,Groceries,4,130.48
ORD00359,Jeans,Clothing,4,458.47
ORD00359,Comics,Books,4,366.28
ORD00359,Olive Oil,Groceries,5,200.78
ORD00360,Smartphone,Electronics,2,196.67
ORD00360,Science Book,Books,1,28.9
ORD00360,Magazine,Books,1,109.15
ORD00361,Science Book,Books,2,199.28
ORD00361,Laptop,Electronics,1,414.85
ORD00362,Pasta,Groceries,2,292.49
ORD00362,Pasta,Groceries,5,457.63
ORD00362,Comics,Books,5,186.96
ORD00362,T-shirt,Clothing,4,187.9
ORD00363,Fiction Novel,Books,3,42.67
ORD00364,Laptop,Electronics,4,67.48
ORD00364,Coffee,Groceries,3,14.85
ORD00364,Smartwatch,Electronics,4,225.69
ORD00365,Shoes,Clothing,1,353.66
ORD00365,Olive Oil,Groceries,1,492.22
ORD00365,T-shirt,Clothing,4,424.31
ORD00365,Smartphone,Electronics,1,189.87
ORD00366,Laptop,Electronics,5,14.81
ORD00366,Olive Oil,Groceries,2,24.73
ORD00367,Magazine,Books,2,382.9
ORD00367,Shoes,Clothing,2,182.29
ORD00367,Pasta,Groceries,4,142.53
ORD00367,Jacket,Clothing,3,428.44
ORD00368,Science Book,Books,3,222.91
ORD00368,Coffee,Groceries,2,84.56
ORD00368,Magazine,Books,5,426.12
ORD00369,Fiction Novel,Books,2,132.92
ORD00369,Comics,Books,1,295.55
ORD00369,Fiction Novel,Books,1,100.75
ORD00369,Coffee,Groceries,2,35.85
ORD00370,Smartwatch,Electronics,3,334.44
ORD00370,Olive Oil,Groceries,3,106.23
ORD00370,Magazine,Books,1,202.69
ORD00370,T-shirt,Clothing,4,274.44
ORD00371,T-shirt,Clothing,2,245.53
ORD00371,Shoes,Clothing,2,74.62
ORD00371,Smartwatch,Electronics,4,25.25
ORD00372,Coffee,Groceries,3,147.98
ORD00373,Rice,Groceries,1,210.18
ORD00373,Comics,Books,5,108.08
ORD00373,Smartphone,Electronics,2,213.26
ORD00374,Laptop,Electronics,5,40.11
ORD00374,Coffee,Groceries,3,185.58
ORD00374,Smartwatch,Electronics,3,287.73
ORD00374,Coffee,Groceries,5,67.41
ORD00374,Headphones,Electronics,4,486.62
ORD00375,Coffee,Groceries,3,123.18
ORD00376,Fiction Novel,Books,4,242.98
ORD00376,Fiction Novel,Books,3,169.3
ORD00376,Shoes,Clothing,1,46.15
ORD00376,Fiction Novel,Books,3,410.08
ORD00376,Rice,Groceries,4,305.28
ORD00377,Olive Oil,Groceries,4,336.26
ORD00377,Jeans,Clothing,2,377.73
ORD00378,T-shirt,Clothing,3,420.07
ORD00378,Pasta,Groceries,1,192.1
ORD00378,Coffee,Groceries,1,287.55
ORD00378,Coffee,Groceries,4,292.38
ORD00378,Jacket,Clothing,4,305.17
ORD00379,Pasta,Groceries,2,160.9
ORD00379,T-shirt,Clothing,2,313.61
ORD00379,Comics,Books,5,379.07
ORD00380,Magazine,Books,1,75.28
ORD00380,Comics,Books,2,244.22
ORD00380,Jacket,Clothing,4,252.37
ORD00380,Olive Oil,Groceries,2,52.68
ORD00381,Laptop,Electronics,1,318.48
ORD00381,Jacket,Clothing,3,322.68
ORD00382,Headphones,Electronics,5,215.21
ORD00382,Rice,Groceries,5,85.78
ORD00382,Smartphone,Electronics,2,13.7
ORD00382,Smartphone,Electronics,4,106.29
ORD00382,Laptop,Electronics,2,78.41
ORD00383,Jacket,Clothing,2,108.43
ORD00383,Smartphone,Electronics,2,55.53
ORD00383,Smartwatch,Electronics,3,393.18
ORD00384,Comics,Books,4,375.89
ORD00384,Fiction Novel,Books,2,437.62
ORD00384,Jacket,Clothing,1,349.78
ORD00384,Fiction Novel,Books,1,393.42
ORD00384,Olive Oil,Groceries,2,152.51
ORD00385,Magazine,Books,2,358.41
ORD00386,Olive Oil,Groceries,1,106.72
ORD00386,Laptop,Electronics,2,422.79
ORD00386,Magazine,Books,3,373.38
ORD00386,Fiction Novel,Books,3,344.42
ORD00386,Smartphone,Electronics,1,250.14
ORD00387,Laptop,Electronics,5,388.27
ORD00388,Smartwatch,Electronics,3,265.49
ORD00388,Comics,Books,4,84.76
ORD00388,Headphones,Electronics,4,90.78
ORD00388,Smartphone,Electronics,5,339.79
ORD00389,Smartwatch,Electronics,1,117.09
ORD00389,T-shirt,Clothing,3,261.71
ORD00390,Olive Oil,Groceries,5,148.32
ORD00390,Olive Oil,Groceries,5,228.2
ORD00391,Coffee,Groceries,2,44.02
ORD00391,Science Book,Books,3,49.01
ORD00391,Magazine,Books,4,183.56
ORD00391,Fiction Novel,Books,2,422.49
ORD00391,Science Book,Books,3,34.37
ORD00392,Science Book,Books,2,337.02
ORD00392,Magazine,Books,2,393.82
ORD00392,Olive Oil,Groceries,3,227.4
ORD00393,T-shirt,Clothing,3,326.96
ORD00393,Jeans,Clothing,1,476.6
ORD00393,Laptop,Electronics,3,308.51
ORD00394,Pasta,Groceries,2,435.82
ORD00394,Magazine,Books,3,196.79
ORD00394,Jeans,Clothing,5,91.68
ORD00395,Fiction Novel,Books,5,186.19
ORD00396,Rice,Groceries,3,475.61
ORD00396,Coffee,Groceries,1,424.32
ORD00396,Shoes,Clothing,1,17.59
ORD00397,Laptop,Electronics,5,475.23
ORD00397,Pasta,Groceries,4,349.89
ORD00398,Coffee,Groceries,4,248.77
ORD00399,Magazine,Books,4,126.75
ORD00400,T-shirt,Clothing,3,210.55
ORD00400,Rice,Groceries,4,194.74
ORD00400,Smartwatch,Electronics,4,101.87
ORD00400,Headphones,Electronics,1,331.13
ORD00400,Headphones,Electronics,1,237.73
ORD00401,Rice,Groceries,4,85.12
ORD00401,Jeans,Clothing,4,326.4
ORD00401,Magazine,Books,1,402.6
ORD00401,Coffee,Groceries,3,68.98
ORD00401,Jeans,Clothing,2,220.76
ORD00402,Laptop,Electronics,2,44.8
ORD00402,Jeans,Clothing,2,326.13
ORD00402,Coffee,Groceries,5,290.55
ORD00403,Magazine,Books,1,344.5
ORD00403,Comics,Books,3,223.24
ORD00403,Comics,Books,1,161.44
ORD00403,Comics,Books,2,456.76
ORD00403,Pasta,Groceries,5,228.62
ORD00404,Comics,Books,4,182.67
ORD00404,Shoes,Clothing,2,484.46
ORD00405,Jacket,Clothing,2,131.61
ORD00405,Olive Oil,Groceries,2,145.97
ORD00406,Fiction Novel,Books,3,107.19
ORD00407,Coffee,Groceries,4,492.76
ORD00407,Laptop,Electronics,2,123.53
ORD00408,T-shirt,Clothing,2,408.71
ORD00408,Laptop,Electronics,5,249.75
ORD00409,Shoes,Clothing,5,266.85
ORD00409,T-shirt,Clothing,2,279.36
ORD00409,Shoes,Clothing,3,427.59
ORD00410,Coffee,Groceries,5,155.04
ORD00410,Coffee,Groceries,2,77.43
ORD00410,Laptop,Electronics,2,364.7
ORD00410,Headphones,Electronics,3,333.9
ORD00411,Comics,Books,3,313.18
ORD00412,Rice,Groceries,5,24.07
ORD00412,Jeans,Clothing,2,327.4
ORD00412,Headphones,Electronics,1,216.48
ORD00412,Jeans,Clothing,2,79.06
ORD00412,Laptop,Electronics,2,248.64
ORD00413,Shoes,Clothing,2,186.73
ORD00413,Jeans,Clothing,3,339.95
ORD00414,Magazine,Books,5,196.39
ORD00414,Shoes,Clothing,1,316.3
ORD00414,Smartphone,Electronics,1,53.1
ORD00414,Headphones,Electronics,2,343.41
ORD00414,Jeans,Clothing,3,170.41
ORD00415,Jeans,Clothing,5,250.33
ORD00415,Headphones,Electronics,3,12.02
ORD00415,Jacket,Clothing,2,228.08
ORD00415,Headphones,Electronics,3,469.41
ORD00415,Shoes,Clothing,5,417.76
ORD00416,Comics,Books,4,200.4
ORD00416,Jacket,Clothing,1,354.77
ORD00416,Smartwatch,Electronics,2,111.17
ORD00416,Smartwatch,Electronics,2,133.44
ORD00417,Science Book,Books,4,56.28
ORD00417,Fiction Novel,Books,3,483.33
ORD00418,Headphones,Electronics,3,65.66
ORD00418,Science Book,Books,1,391.35
ORD00418,Smartwatch,Electronics,1,261.98
ORD00418,Laptop,Electronics,1,421.97
ORD00418,Magazine,Books,5,22.9
ORD00419,Jeans,Clothing,3,229.9
ORD00419,Laptop,Electronics,3,468.93
ORD00420,Jeans,Clothing,5,79.3
ORD00421,Science Book,Books,5,353.54
ORD00422,Smartwatch,Electronics,1,115.45
ORD00423,Smartphone,Electronics,2,387.03
ORD00424,Pasta,Groceries,4,407.49
ORD00424,Olive Oil,Groceries,3,156.32
ORD00424,Pasta,Groceries,4,248.05
ORD00425,Headphones,Electronics,4,434.36
ORD00425,Comics,Books,2,415.15
ORD00425,Smartwatch,Electronics,2,252.57
ORD00425,Smartwatch,Electronics,5,177.68
ORD00425,T-shirt,Clothing,5,142.41
ORD00426,T-shirt,Clothing,1,393.9
ORD00426,Coffee,Groceries,3,291.27
ORD00427,Pasta,Groceries,1,483.98
ORD00427,Science Book,Books,4,235.52
ORD00427,Fiction Novel,Books,4,134.87
ORD00427,Olive Oil,Groceries,3,368.0
ORD00428,Rice,Groceries,2,465.5
ORD00428,T-shirt,Clothing,3,151.45
ORD00428,Magazine,Books,1,399.63
ORD00429,Comics,Books,4,74.14
ORD00429,Jeans,Clothing,3,211.52
ORD00429,Magazine,Books,2,317.9
ORD00429,Pasta,Groceries,4,295.67
ORD00430,Jeans,Clothing,5,247.98
ORD00430,Science Book,Books,3,451.05
ORD00430,Jacket,Clothing,2,443.4
ORD00430,Coffee,Groceries,5,412.58
ORD00431,Shoes,Clothing,4,251.77
ORD00431,Shoes,Clothing,4,405.17
ORD00431,T-shirt,Clothing,2,410.51
ORD00431,Science Book,Books,4,242.79
ORD00432,T-shirt,Clothing,5,397.03
ORD00433,Pasta,Groceries,5,492.5
ORD00433,Olive Oil,Groceries,4,343.44
ORD00433,Jacket,Clothing,3,263.67
ORD00434,Jeans,Clothing,2,121.65
ORD00435,Olive Oil,Groceries,1,84.41
ORD00436,Shoes,Clothing,2,163.09
ORD00436,Coffee,Groceries,4,139.9
ORD00436,Headphones,Electronics,5,171.78
ORD00436,Fiction Novel,Books,3,159.99
ORD00436,Laptop,Electronics,5,287.3
ORD00437,Laptop,Electronics,4,419.19
ORD00437,Pasta,Groceries,1,327.53
ORD00437,Headphones,Electronics,2,391.1
ORD00437,Smartphone,Electronics,1,478.78
ORD00437,Rice,Groceries,2,341.52
ORD00438,Comics,Books,5,346.08
ORD00439,T-shirt,Clothing,5,468.95
ORD00439,Laptop,Electronics,2,217.2
ORD00439,Science Book,Books,4,331.17
ORD00439,Smartwatch,Electronics,1,30.49
ORD00439,Jeans,Clothing,2,352.49
ORD00440,Smartphone,Electronics,2,113.25
ORD00440,Jacket,Clothing,4,349.63
ORD00441,Rice,Groceries,1,128.79
ORD00442,Science Book,Books,5,285.49
ORD00442,Smartwatch,Electronics,4,494.06
ORD00442,Shoes,Clothing,2,83.75
ORD00442,Olive Oil,Groceries,5,448.18
ORD00443,Smartphone,Electronics,5,187.19
ORD00443,Shoes,Clothing,2,269.3
ORD00443,Science Book,Books,4,26.2
ORD00444,Jeans,Clothing,4,160.81
ORD00444,Smartphone,Electronics,3,323.71
ORD00444,Smartphone,Electronics,4,178.38
ORD00444,Smartphone,Electronics,2,299.48
ORD00445,Olive Oil,Groceries,2,429.42
ORD00446,Laptop,Electronics,5,358.32
ORD00446,Smartphone,Electronics,5,84.59
ORD00447,Smartwatch,Electronics,4,300.21
ORD00447,Olive Oil,Groceries,3,123.54
ORD00447,Fiction Novel,Books,4,377.47
ORD00447,T-shirt,Clothing,4,303.58
ORD00448,Magazine,Books,2,441.81
ORD00448,T-shirt,Clothing,4,428.21
ORD00448,Jacket,Clothing,2,12.87
ORD00448,Shoes,Clothing,5,36.51
ORD00448,T-shirt,Clothing,2,354.14
ORD00449,Science Book,Books,2,116.28
ORD00449,Comics,Books,5,291.65
ORD00449,Jacket,Clothing,1,332.94
ORD00450,Magazine,Books,2,472.76
ORD00451,Shoes,Clothing,3,491.49
ORD00451,Laptop,Electronics,1,159.21
ORD00452,Jeans,Clothing,2,48.27
ORD00452,Jeans,Clothing,5,374.56
ORD00452,Olive Oil,Groceries,2,108.48
ORD00452,Jacket,Clothing,4,36.22
ORD00452,Smartphone,Electronics,2,235.4
ORD00453,T-shirt,Clothing,3,199.62
ORD00453,Fiction Novel,Books,1,19.83
ORD00453,Rice,Groceries,1,275.91
ORD00453,Shoes,Clothing,2,431.26
ORD00454,Smartphone,Electronics,4,395.12
ORD00454,Comics,Books,2,472.84
ORD00455,Comics,Books,3,206.48
ORD00455,Smartwatch,Electronics,4,340.86
ORD00455,Magazine,Books,4,233.99
ORD00455,Smartwatch,Electronics,5,317.11
ORD00456,Jacket,Clothing,3,380.27
ORD00457,Smartwatch,Electronics,3,260.26
ORD00457,Jeans,Clothing,5,270.42
ORD00457,T-shirt,Clothing,3,80.43
ORD00457,Pasta,Groceries,2,485.36
ORD00457,Smartphone,Electronics,3,132.14
ORD00458,Magazine,Books,1,69.96
ORD00458,Jeans,Clothing,4,125.77
ORD00458,Comics,Books,3,357.25
ORD00458,Fiction Novel,Books,1,497.6
ORD00458,Smartphone,Electronics,3,433.82
ORD00459,Magazine,Books,4,174.89
ORD00459,Coffee,Groceries,2,313.74
ORD00460,Magazine,Books,4,57.39
ORD00460,Coffee,Groceries,5,260.08
ORD00460,Olive Oil,Groceries,3,205.83
ORD00460,Coffee,Groceries,5,80.47
ORD00460,Laptop,Electronics,3,73.44
ORD00461,Shoes,Clothing,5,174.81
ORD00461,Fiction Novel,Books,1,362.73
ORD00461,Fiction Novel,Books,1,380.81
ORD00462,Comics,Books,4,27.34
ORD00462,Smartphone,Electronics,2,499.61
ORD00463,Comics,Books,5,374.83
ORD00463,T-shirt,Clothing,1,70.12
ORD00463,T-shirt,Clothing,2,408.5
ORD00463,Rice,Groceries,5,485.51
ORD00463,Olive Oil,Groceries,1,257.57
ORD00464,Headphones,Electronics,3,362.76
ORD00464,Olive Oil,Groceries,5,112.29
ORD00464,Headphones,Electronics,1,67.21
ORD00464,Smartphone,Electronics,3,365.02
ORD00464,Fiction Novel,Books,5,33.47
ORD00465,Smartphone,Electronics,3,420.41
ORD00465,Magazine,Books,4,238.11
ORD00465,Laptop,Electronics,3,37.53
ORD00466,T-shirt,Clothing,5,50.95
ORD00467,Laptop,Electronics,3,188.59
ORD00467,Laptop,Electronics,4,248.55
ORD00467,Laptop,Electronics,5,102.95
ORD00468,Science Book,Books,3,385.24
ORD00468,Comics,Books,5,137.75
ORD00468,Smartwatch,Electronics,4,173.9
ORD00468,Coffee,Groceries,3,295.33
ORD00468,Olive Oil,Groceries,2,96.53
ORD00469,T-shirt,Clothing,2,302.56
ORD00470,Comics,Books,5,70.9
ORD00470,Magazine,Books,2,320.39
ORD00470,Headphones,Electronics,4,260.45
ORD00471,Olive Oil,Groceries,4,281.2
ORD00471,Headphones,Electronics,1,128.74
ORD00471,Pasta,Groceries,5,330.47
ORD00471,Comics,Books,5,264.51
ORD00472,Magazine,Books,5,496.99
ORD00472,Laptop,Electronics,4,297.61
ORD00472,Shoes,Clothing,2,435.98
ORD00473,Laptop,Electronics,2,109.7
ORD00473,Pasta,Groceries,1,190.42
ORD00474,Comics,Books,5,365.73
ORD00474,Fiction Novel,Books,5,334.14
ORD00474,Headphones,Electronics,1,85.12
ORD00474,Rice,Groceries,5,98.97
ORD00475,Coffee,Groceries,1,190.31
ORD00475,Comics,Books,2,68.2
ORD00476,Headphones,Electronics,1,317.55
ORD00476,Fiction Novel,Books,2,152.99
ORD00476,Pasta,Groceries,1,382.95
ORD00476,Smartwatch,Electronics,5,248.3
ORD00477,Shoes,Clothing,4,139.18
ORD00477,Jeans,Clothing,4,265.27
ORD00477,Comics,Books,5,308.94
ORD00478,Olive Oil,Groceries,3,55.12
ORD00478,Headphones,Electronics,1,272.22
ORD00479,Headphones,Electronics,2,340.37
ORD00479,Smartphone,Electronics,3,354.87
ORD00479,Jeans,Clothing,2,119.62
ORD00479,T-shirt,Clothing,5,118.73
ORD00480,Science Book,Books,2,278.93
ORD00480,Smartphone,Electronics,3,497.94
ORD00480,Science Book,Books,4,312.91
ORD00480,Pasta,Groceries,3,332.36
ORD00480,Magazine,Books,4,400.69
ORD00481,Science Book,Books,1,405.25
ORD00481,Fiction Novel,Books,2,420.62
ORD00481,Laptop,Electronics,2,181.66
ORD00481,Rice,Groceries,2,485.2
ORD00482,Olive Oil,Groceries,3,56.18
ORD00482,T-shirt,Clothing,2,466.75
ORD00482,Science Book,Books,4,494.35
ORD00482,Pasta,Groceries,2,180.0
ORD00483,Magazine,Books,2,431.6
ORD00483,Smartphone,Electronics,4,100.61
ORD00484,Rice,Groceries,4,293.78
ORD00484,Olive Oil,Groceries,1,481.67
ORD00484,Jacket,Clothing,3,420.78
ORD00484,Comics,Books,2,478.94
ORD00485,T-shirt,Clothing,2,217.02
ORD00485,T-shirt,Clothing,1,184.6
ORD00485,Fiction Novel,Books,3,54.18
ORD00485,Smartphone,Electronics,3,419.03
ORD00486,Shoes,Clothing,4,192.53
ORD00486,Olive Oil,Groceries,1,41.56
ORD00486,Smartwatch,Electronics,1,470.99
ORD00486,Headphones,Electronics,4,105.1
ORD00486,T-shirt,Clothing,1,148.74
ORD00487,T-shirt,Clothing,3,43.89
ORD00487,Fiction Novel,Books,1,26.21
ORD00487,Shoes,Clothing,4,406.04
ORD00487,Coffee,Groceries,4,288.98
ORD00488,Olive Oil,Groceries,4,349.11
ORD00488,Coffee,Groceries,1,162.53
ORD00488,Jeans,Clothing,4,251.2
ORD00488,Olive Oil,Groceries,4,145.96
ORD00488,Coffee,Groceries,1,143.97
ORD00489,Science Book,Books,5,185.99
ORD00489,Rice,Groceries,5,299.02
ORD00490,Pasta,Groceries,3,344.55
ORD00490,Fiction Novel,Books,2,283.22
ORD00490,Olive Oil,Groceries,3,493.66
ORD00490,Olive Oil,Groceries,4,434.03
ORD00491,Rice,Groceries,1,472.67
ORD00491,Smartphone,Electronics,5,24.14
ORD00491,T-shirt,Clothing,3,386.87
ORD00492,Smartwatch,Electronics,3,208.23
ORD00492,Pasta,Groceries,4,272.64
ORD00492,Smartphone,Electronics,2,236.68
ORD00492,Rice,Groceries,2,413.88
ORD00493,Comics,Books,4,440.03
ORD00493,Shoes,Clothing,5,101.14
ORD00493,Jeans,Clothing,5,376.2
ORD00494,Shoes,Clothing,3,407.87
ORD00494,Olive Oil,Groceries,4,469.4
ORD00494,Shoes,Clothing,2,258.21
ORD00494,Jeans,Clothing,2,424.66
ORD00494,Science Book,Books,4,343.2
ORD00495,Laptop,Electronics,4,272.49
ORD00495,Rice,Groceries,3,62.1
ORD00495,Science Book,Books,3,330.01
ORD00496,Rice,Groceries,3,245.03
ORD00496,Pasta,Groceries,2,91.54
ORD00497,Rice,Groceries,1,346.75
ORD00497,Science Book,Books,1,145.68
ORD00497,Fiction Novel,Books,2,138.27
ORD00497,Science Book,Books,1,472.45
ORD00497,Olive Oil,Groceries,2,182.01
ORD00498,Fiction Novel,Books,1,209.8
ORD00499,Smartphone,Electronics,5,355.32
ORD00500,Science Book,Books,5,86.05
